{
  "version": 1,
  "author": "Akash",
  "editor": "wokwi",
  "parts": [
    { "type": "board-esp32-devkit-c-v4", "id": "esp", "top": 9.6, "left": -129.56, "attrs": {} },
    {
      "type": "wokwi-led",
      "id": "led1",
      "top": 68.8,
      "left": 71.4,
      "rotate": 180,
      "attrs": { "color": "red" }
    },
    { "type": "wokwi-resistor", "id": "r1", "top": 71.15, "left": 0, "attrs": { "value": "220" } }
  ],
  "connections": [
    [ "esp:TX", "$serialMonitor:RX", "", [] ],
    [ "esp:RX", "$serialMonitor:TX", "", [] ],
    [ "esp:23", "r1:1", "green", [ "h0" ] ],
    [ "esp:GND.2", "led1:C", "black", [ "v0", "h124.8" ] ],
    [ "led1:A", "r1:2", "green", [ "v0" ] ]
  ],
  "dependencies": {}
}